listing_id,date,locality,property_type,area_sqft,asking_price,age_years,road_width_ft,latitude,longitude,source
LS001,2026-08-31,Ghanaur,shop,650,3342000,18,30,30.4142,76.616,DEMO
LS002,2026-08-29,Patiala Road,independent_house,2050,7333000,10,30,30.469,76.5511,DEMO
LS003,2026-08-24,Ghanaur,flat,1000,2236000,17,20,30.4128,76.611,DEMO
LS004,2026-08-20,Rajpura,independent_house,1650,4917000,7,25,30.4798,76.599,DEMO
LS005,2026-08-14,Rajpura,independent_house,1700,5015000,8,30,30.4796,76.5892,DEMO
LS006,2026-08-09,Patiala Road,plot,2300,7627000,0,30,30.47,76.5692,DEMO
LS007,2026-08-01,Rajpura,independent_house,1750,5110000,6,20,30.4801,76.5983,DEMO
LS008,2026-07-30,Shambhu,agricultural_land,13900,8029000,0,60,30.4389,76.6999,DEMO
LS009,2026-07-28,Rajpura,independent_house,1800,5220000,8,30,30.4884,76.5971,DEMO
LS010,2026-07-25,Patiala Road,agricultural_land,19900,14621000,0,60,30.4653,76.5536,DEMO
LS011,2026-07-16,Rajpura,agricultural_land,18950,12889000,0,40,30.4847,76.5933,DEMO
LS012,2026-07-15,Rajpura,independent_house,1800,5364000,5,25,30.4783,76.5878,DEMO
LS013,2026-07-12,Banur,plot,2550,7632000,0,40,30.5304,76.7175,DEMO
LS014,2026-07-08,Rajpura,shop,750,5519000,5,30,30.4872,76.6009,DEMO
LS015,2026-07-05,Rajpura,independent_house,1800,5472000,9,20,30.4861,76.5868,DEMO
LS016,2026-07-04,Shambhu,shop,650,3307000,5,25,30.4446,76.6953,DEMO
LS017,2026-07-02,Ghanaur,agricultural_land,9900,5449000,0,18,30.4183,76.6135,DEMO
LS018,2026-06-28,Patiala Road,plot,1150,3717000,0,25,30.4631,76.5562,DEMO
LS019,2026-06-25,Rajpura,independent_house,1850,5328000,8,25,30.4887,76.5867,DEMO
LS020,2026-06-24,Patiala Road,agricultural_land,16450,11481000,0,30,30.4797,76.5511,DEMO
LS021,2026-06-23,Ghanaur,independent_house,2700,7125000,15,40,30.4068,76.6171,DEMO
LS022,2026-06-20,Patiala Road,shop,1000,7455000,10,30,30.4682,76.5568,DEMO
LS023,2026-06-18,Rajpura,independent_house,1900,5415000,10,30,30.4819,76.5883,DEMO
LS024,2026-06-14,Shambhu,shop,900,4975000,18,60,30.4418,76.6954,DEMO
LS025,2026-06-12,Ghanaur,shop,850,4124000,4,20,30.4196,76.6195,DEMO
LS026,2026-06-06,Shambhu,flat,1150,2788000,2,20,30.4443,76.6961,DEMO
LS027,2026-06-02,Rajpura,independent_house,1750,5285000,4,30,30.4907,76.5914,DEMO
LS028,2026-05-30,Shambhu,flat,1500,3737000,4,40,30.4331,76.6833,DEMO
LS029,2026-05-26,Shambhu,flat,1100,2856000,10,30,30.4305,76.6989,DEMO
LS030,2026-05-24,Rajpura,independent_house,1800,5310000,8,25,30.4827,76.5894,DEMO
LS031,2026-05-24,Banur,independent_house,1750,5599000,17,25,30.546,76.7145,DEMO
LS032,2026-05-21,Patiala Road,plot,1450,4768000,0,40,30.469,76.5685,DEMO
LS033,2026-05-16,Ghanaur,independent_house,1850,4568000,9,25,30.4024,76.6235,DEMO
LS034,2026-05-10,Rajpura,independent_house,1780,5269000,7,20,30.4887,76.6002,DEMO
LS035,2026-05-06,Banur,flat,1550,4643000,3,60,30.5455,76.7092,DEMO
LS036,2026-05-06,Shambhu,independent_house,2450,6897000,3,20,30.4494,76.6928,DEMO
LS037,2026-05-01,Ghanaur,plot,2800,6022000,0,40,30.4116,76.6244,DEMO
LS038,2026-04-29,Rajpura,independent_house,1820,5351000,6,30,30.482,76.5942,DEMO
LS039,2026-04-29,Ghanaur,shop,700,3427000,1,40,30.4196,76.6132,DEMO
LS040,2026-04-28,Ghanaur,shop,1000,5092000,2,60,30.4028,76.6141,DEMO
LS041,2026-04-15,Rajpura,agricultural_land,11700,7504000,0,30,30.491,76.5927,DEMO
LS042,2026-04-14,Rajpura,independent_house,1680,5124000,5,25,30.4805,76.5888,DEMO
LS043,2026-04-11,Rajpura,plot,3600,10616000,0,60,30.486,76.5846,DEMO
LS044,2026-04-08,Rajpura,agricultural_land,6750,4655000,0,18,30.4886,76.6024,DEMO
LS045,2026-04-08,Rajpura,flat,1500,4816000,15,30,30.4824,76.5861,DEMO
LS046,2026-03-31,Rajpura,plot,2450,7111000,0,40,30.4771,76.5867,DEMO
LS047,2026-03-30,Rajpura,independent_house,1720,5194000,9,20,30.4907,76.6013,DEMO
LS048,2026-03-29,Patiala Road,shop,950,6771000,17,18,30.4669,76.5522,DEMO
LS049,2026-03-25,Banur,agricultural_land,8200,4870000,0,60,30.5348,76.7089,DEMO
LS050,2026-03-25,Banur,plot,1350,3528000,0,60,30.5373,76.7077,DEMO
LS051,2026-03-18,Rajpura,independent_house,1760,5227000,8,25,30.4916,76.5909,DEMO
LS052,2026-03-10,Patiala Road,agricultural_land,6350,4268000,0,25,30.4636,76.5543,DEMO
LS053,2026-03-08,Rajpura,plot,1300,4085000,0,30,30.4831,76.5914,DEMO
LS054,2026-03-05,Shambhu,independent_house,2400,6606000,6,25,30.4487,76.6944,DEMO
LS055,2026-03-04,Patiala Road,agricultural_land,14350,9860000,0,25,30.4634,76.569,DEMO
LS056,2026-02-25,Rajpura,independent_house,1840,5373000,7,30,30.49,76.5991,DEMO
LS057,2026-02-15,Shambhu,independent_house,1300,3431000,12,40,30.4358,76.6877,DEMO
LS058,2026-02-11,Ghanaur,flat,900,2001000,10,18,30.4002,76.6214,DEMO
LS059,2026-02-10,Rajpura,independent_house,1860,5375000,8,25,30.4836,76.5874,DEMO
LS060,2026-02-01,Banur,plot,2900,8017000,0,18,30.5371,76.7014,DEMO
LS061,2026-01-28,Rajpura,independent_house,1880,5377000,9,20,30.4882,76.5898,DEMO
LS062,2026-01-17,Rajpura,shop,350,2480000,18,40,30.4807,76.5866,DEMO
LS063,2026-01-16,Rajpura,independent_house,2400,7777000,1,40,30.4918,76.5954,DEMO
LS064,2026-01-15,Rajpura,independent_house,1700,5236000,4,30,30.4869,76.597,DEMO
LS065,2026-01-12,Rajpura,independent_house,1500,5315000,12,18,30.4821,76.588,DEMO
LS066,2026-01-11,Banur,flat,1650,4675000,8,18,30.5305,76.7037,DEMO
LS067,2026-01-05,Shambhu,shop,200,1028000,18,20,30.4422,76.6817,DEMO
LS068,2026-01-04,Sarai Banjara,plot,1700,3564000,0,18,30.4543,76.5232,DEMO
LS069,2025-12-26,Patiala Road,independent_house,2250,7795000,13,18,30.4628,76.5627,DEMO
LS070,2025-12-24,Banur,flat,1550,4408000,13,40,30.5375,76.7077,DEMO
LS071,2025-12-21,Shambhu,independent_house,1900,5175000,10,18,30.435,76.6927,DEMO
LS072,2025-12-20,Rajpura,independent_house,1800,5436000,8,25,30.4825,76.5997,DEMO
LS073,2025-12-20,Ghanaur,shop,800,3987000,10,18,30.4058,76.6243,DEMO
LS074,2025-12-18,Patiala Road,shop,350,2479000,6,18,30.465,76.5588,DEMO
LS075,2025-12-12,Ghanaur,flat,850,1927000,7,20,30.4122,76.6228,DEMO
LS076,2025-12-11,Patiala Road,agricultural_land,4950,3507000,0,40,30.4675,76.5532,DEMO
LS077,2025-12-09,Patiala Road,agricultural_land,5300,3422000,0,60,30.4677,76.555,DEMO
LS078,2025-12-08,Patiala Road,agricultural_land,7800,5306000,0,25,30.4662,76.5631,DEMO
LS079,2025-12-06,Ghanaur,plot,2050,4473000,0,40,30.4062,76.628,DEMO
LS080,2025-11-27,Patiala Road,agricultural_land,19950,14087000,0,20,30.4688,76.5594,DEMO
LS081,2025-11-24,Shambhu,plot,3450,8087000,0,40,30.4408,76.6978,DEMO
LS082,2025-11-23,Shambhu,agricultural_land,6700,3454000,0,30,30.435,76.6819,DEMO
LS083,2025-11-17,Shambhu,independent_house,1650,4356000,12,30,30.4326,76.6874,DEMO
LS084,2025-11-05,Banur,independent_house,1950,5685000,15,18,30.5322,76.7181,DEMO
LS085,2025-11-01,Shambhu,flat,1450,3542000,6,30,30.4383,76.6893,DEMO
LS086,2025-10-21,Banur,flat,900,2530000,5,60,30.5394,76.7123,DEMO
LS087,2025-10-19,Ghanaur,plot,1950,4033000,0,40,30.4099,76.6288,DEMO
LS088,2025-10-16,Banur,shop,900,5417000,14,20,30.5463,76.716,DEMO
LS089,2025-10-14,Rajpura,agricultural_land,14400,8801000,0,30,30.483,76.5889,DEMO
LS090,2025-10-07,Ghanaur,agricultural_land,15950,7459000,0,20,30.4146,76.623,DEMO
LS091,2025-09-25,Ghanaur,flat,850,1829000,9,25,30.406,76.6245,DEMO
LS092,2025-09-20,Banur,plot,950,2413000,0,60,30.5422,76.7085,DEMO
LS093,2025-09-20,Ghanaur,independent_house,2600,6120000,18,25,30.4187,76.6239,DEMO
LS094,2025-09-19,Rajpura,shop,700,4531000,16,18,30.4759,76.5859,DEMO
LS095,2025-09-17,Banur,agricultural_land,16100,9353000,0,25,30.5371,76.7156,DEMO
LS096,2025-09-04,Banur,agricultural_land,13000,7440000,0,60,30.5317,76.7195,DEMO
LS097,2025-09-04,Shambhu,agricultural_land,15700,8092000,0,18,30.4356,76.692,DEMO
LS098,2025-08-28,Banur,independent_house,2600,7674000,16,20,30.5374,76.7189,DEMO
LS099,2025-08-20,Patiala Road,shop,500,3463000,10,18,30.4702,76.5608,DEMO
LS100,2025-08-18,Banur,plot,2050,5479000,0,60,30.543,76.7158,DEMO
LS101,2025-08-15,Patiala Road,independent_house,2250,7213000,17,60,30.4623,76.5602,DEMO
LS102,2025-08-05,Patiala Road,flat,1300,4211000,10,25,30.4624,76.5599,DEMO
LS103,2025-07-24,Shambhu,independent_house,2750,7102000,15,20,30.448,76.6889,DEMO
LS104,2025-07-24,Ghanaur,shop,950,4310000,10,60,30.4012,76.6254,DEMO
LS105,2025-07-16,Ghanaur,independent_house,2700,6361000,10,20,30.4188,76.6296,DEMO
LS106,2025-07-04,Banur,plot,2250,5799000,0,18,30.5366,76.7059,DEMO
LS107,2025-06-28,Shambhu,flat,1850,4391000,4,20,30.4458,76.6847,DEMO
LS108,2025-06-25,Shambhu,agricultural_land,7900,4237000,0,40,30.4368,76.6985,DEMO
LS109,2025-06-24,Ghanaur,agricultural_land,16250,7967000,0,30,30.403,76.6236,DEMO
LS110,2025-06-20,Banur,shop,850,4877000,2,60,30.5474,76.7071,DEMO
LS111,2025-06-07,Banur,agricultural_land,4800,2893000,0,25,30.5389,76.7015,DEMO
LS112,2025-06-02,Shambhu,agricultural_land,15650,8172000,0,25,30.4486,76.6864,DEMO
LS113,2025-06-01,Rajpura,flat,1350,4056000,9,20,30.4939,76.595,DEMO
LS114,2025-06-01,Patiala Road,independent_house,2300,7184000,7,20,30.472,76.5652,DEMO
LS115,2025-05-13,Patiala Road,shop,450,3089000,17,40,30.4767,76.5661,DEMO
LS116,2025-05-09,Rajpura,independent_house,1950,6146000,18,20,30.4858,76.6005,DEMO
LS117,2025-05-09,Shambhu,agricultural_land,11000,5766000,0,18,30.4401,76.6834,DEMO
LS118,2025-05-08,Banur,independent_house,2050,6040000,13,60,30.5388,76.7191,DEMO
LS119,2025-05-02,Shambhu,shop,600,2761000,12,25,30.4412,76.6873,DEMO
LS120,2025-04-23,Ghanaur,plot,2700,5171000,0,30,30.403,76.6238,DEMO
LS121,2025-04-21,Patiala Road,shop,550,3701000,4,25,30.4715,76.5661,DEMO
LS122,2025-04-17,Banur,flat,1850,5042000,11,20,30.5309,76.7109,DEMO
LS123,2025-04-12,Rajpura,agricultural_land,15000,8920000,0,60,30.4871,76.5996,DEMO
LS124,2025-04-03,Rajpura,agricultural_land,13350,7846000,0,40,30.4766,76.5916,DEMO
LS125,2025-04-03,Patiala Road,independent_house,1400,4547000,15,40,30.4711,76.5658,DEMO
LS126,2025-04-01,Patiala Road,shop,750,4843000,14,40,30.468,76.5516,DEMO
LS127,2025-03-28,Patiala Road,independent_house,3000,9562000,2,60,30.4616,76.5589,DEMO
LS128,2025-03-28,Patiala Road,shop,400,2627000,11,20,30.4734,76.5666,DEMO
LS129,2025-03-27,Banur,plot,1800,4560000,0,40,30.5329,76.7087,DEMO
LS130,2025-03-06,Rajpura,agricultural_land,9650,5820000,0,60,30.4801,76.5924,DEMO
LS131,2025-02-28,Banur,shop,600,3320000,12,40,30.546,76.7136,DEMO
LS132,2025-02-23,Banur,flat,1250,3379000,18,18,30.5442,76.7103,DEMO
LS133,2025-02-22,Patiala Road,independent_house,2550,8429000,12,18,30.4716,76.5543,DEMO
LS134,2025-02-14,Banur,independent_house,1800,5402000,11,25,30.5403,76.7198,DEMO
LS135,2025-02-13,Patiala Road,plot,2150,6236000,0,18,30.4772,76.5615,DEMO
LS136,2025-02-08,Rajpura,flat,900,2537000,4,20,30.4918,76.5869,DEMO
LS137,2025-02-01,Shambhu,agricultural_land,14650,7453000,0,25,30.4428,76.686,DEMO
LS138,2025-01-30,Shambhu,plot,3500,7530000,0,40,30.4353,76.6842,DEMO
LS139,2025-01-27,Rajpura,flat,1000,2750000,8,40,30.4806,76.5877,DEMO
LS140,2025-01-17,Banur,agricultural_land,17700,9942000,0,60,30.5329,76.7086,DEMO
